pm10,so2,co,o3,no2,categori
64,20,22,62,18,0
61,20,22,63,20,0
62,20,20,63,19,0
57,19,16,65,17,0
54,21,20,90,18,0
55,20,22,51,13,0
63,22,24,73,21,0
66,20,21,66,14,0
73,21,24,43,14,0
57,19,13,40,9,0
55,19,17,37,10,0
57,19,17,32,10,0
52,18,19,45,18,0
59,18,21,52,17,0
66,17,26,81,19,0
62,16,22,76,14,0
69,18,24,115,19,2
62,20,23,74,18,0
56,23,19,36,10,0
52,20,18,30,14,0
61,17,29,53,18,0
55,19,22,65,19,0
52,17,14,73,12,0
57,18,22,89,16,0
56,17,24,51,22,0
58,15,24,53,17,0
61,16,26,53,14,0
56,19,20,58,12,0
68,19,16,50,10,0
71,9,9,102,10,2
76,9,9,84,11,0
77,12,8,80,10,0
71,9,6,65,5,0
66,9,8,114,13,2
79,10,12,64,14,0
98,10,10,96,12,0
74,8,9,91,9,0
82,10,14,59,11,0
68,9,7,56,6,0
71,9,8,55,8,0
70,8,7,54,7,0
67,10,5,65,6,0
72,8,6,71,6,0
74,7,10,88,9,0
71,7,7,88,6,0
66,7,5,52,4,0
71,8,12,153,9,2
75,8,10,103,11,2
70,8,6,50,10,0
70,9,6,61,7,0
77,9,14,74,10,0
77,9,6,71,8,0
69,7,22,68,9,0
72,9,11,63,8,0
76,8,19,60,12,0
61,12,17,86,14,0
62,13,18,90,11,0
70,13,20,86,9,0
61,12,18,80,8,0
62,13,14,140,12,2
61,14,17,127,10,2
63,14,22,125,13,2
60,12,18,119,18,2
64,13,24,100,18,0
64,13,21,72,8,0
62,13,17,73,9,0
63,12,21,57,9,0
58,13,19,64,7,0
64,13,22,97,9,0
86,13,48,86,11,0
64,12,22,119,12,2
69,12,25,101,8,2
61,13,25,178,10,2
59,13,18,160,8,2
64,13,20,76,11,0
56,13,20,86,7,0
59,11,25,125,9,2
62,14,20,127,8,2
51,13,17,127,10,2
59,12,17,125,8,2
62,12,18,94,16,0
63,11,28,89,10,0
53,12,28,82,12,0
58,13,22,75,9,0
67,13,30,78,15,0
58,27,10,70,6,0
67,28,10,81,8,0
66,28,10,80,7,0
67,27,8,61,8,0
57,29,8,118,9,2
72,28,11,74,11,0
65,29,12,71,8,0
69,29,20,76,9,0
59,27,9,58,6,0
59,27,9,57,9,0
66,29,10,53,8,0
55,28,7,62,6,0
69,28,9,102,6,2
88,28,20,99,11,0
56,27,6,86,6,0
65,27,11,71,5,0
65,31,10,139,13,2
68,30,10,53,8,0
81,28,19,97,10,0
67,28,11,103,6,2
56,29,11,110,5,2
67,30,10,123,5,2
63,29,9,80,7,0
69,27,12,90,10,0
76,28,22,80,8,0
63,30,11,62,7,0
66,29,23,65,8,0
57,20,13,115,6,2
61,20,14,96,7,0
66,22,16,92,8,0
62,21,14,71,10,0
54,20,11,92,7,0
62,20,14,77,10,0
67,22,16,146,9,2
60,22,13,102,8,2
69,21,17,80,10,0
64,21,14,61,6,0
60,21,14,60,8,0
60,21,13,51,9,0
55,20,11,69,6,0
61,20,14,84,8,0
92,20,28,207,14,3
71,19,15,174,9,2
63,19,13,108,6,2
68,20,17,178,8,2
65,23,12,171,7,2
56,23,11,64,10,0
56,21,12,88,8,0
69,19,15,201,9,3
64,21,12,171,7,2
66,21,11,128,6,2
66,20,11,184,6,2
66,35,12,149,9,2
61,25,10,108,9,2
64,18,18,132,10,2
67,20,13,96,8,0
51,9,31,76,20,0
49,6,49,54,15,0
51,7,44,46,18,0
50,5,30,43,17,1
45,8,25,24,18,1
45,7,27,72,14,0
61,10,41,87,13,0
47,7,24,84,17,0
46,14,27,70,18,0
57,16,32,81,27,0
52,11,23,52,17,0
31,7,19,44,9,1
32,5,24,37,10,1
35,7,17,70,14,0
42,6,25,44,23,1
45,6,29,94,16,0
50,7,37,49,16,1
51,5,19,60,16,0
37,4,21,20,9,1
21,6,16,47,20,1
43,9,16,31,16,1
40,9,17,28,9,1
50,16,18,27,10,1
42,10,20,16,15,1
65,13,36,60,12,0
33,7,22,67,22,0
44,8,31,32,11,1
49,6,42,38,11,1
53,8,35,48,19,0
42,4,29,48,21,1
68,21,31,96,13,0
62,12,26,86,15,0
59,15,31,74,15,0
59,18,18,61,10,0
59,19,15,47,12,0
54,9,10,71,23,0
68,9,21,87,11,0
57,10,11,98,17,0
72,12,13,85,11,0
76,19,23,103,18,2
69,17,11,90,17,0
43,9,10,78,8,0
32,9,7,62,9,0
44,13,9,99,12,0
54,13,12,88,9,0
62,16,17,103,14,2
69,20,18,68,11,0
61,13,11,96,7,0
49,18,8,41,7,1
24,11,7,66,5,0
51,8,7,69,5,0
60,11,6,48,6,0
61,11,7,49,9,0
42,7,7,34,7,1
67,18,22,53,11,0
42,8,12,79,11,0
55,14,14,53,9,0
65,12,26,42,11,0
53,12,18,46,12,0
59,16,8,48,9,0
72,9,41,85,13,0
69,11,44,75,12,0
61,11,19,102,8,2
52,11,15,81,9,0
71,10,28,99,14,0
72,12,28,152,11,2
50,11,15,144,10,2
51,12,17,127,10,2
64,13,27,199,13,2
62,12,15,153,8,2
55,10,14,41,10,0
55,10,15,44,6,0
38,11,9,112,7,2
54,11,19,122,10,2
51,11,18,68,11,0
70,10,21,111,7,2
31,10,13,105,6,2
60,10,27,110,8,2
59,10,20,63,9,0
59,11,12,73,8,0
52,10,11,72,7,0
58,9,40,85,11,0
38,10,11,124,6,2
45,10,25,90,9,0
55,10,37,73,11,0
49,10,24,130,11,2
49,10,14,111,17,2
59,21,37,93,10,0
58,21,34,76,12,0
59,21,31,56,9,0
58,21,23,71,8,0
57,25,12,49,11,0
82,25,31,118,19,2
54,22,20,125,8,2
50,22,38,46,8,1
44,21,42,55,9,0
45,22,37,91,9,0
64,22,39,83,10,0
62,22,43,109,11,2
60,22,27,80,9,0
73,21,16,66,8,0
60,22,13,31,5,0
58,22,12,49,4,0
41,22,12,30,6,1
59,22,22,60,9,0
34,21,12,98,7,0
48,21,14,45,8,1
59,22,22,45,8,0
61,14,26,167,15,2
57,13,35,101,13,2
62,15,42,146,14,2
59,14,16,172,10,2
51,14,18,83,11,0
74,11,38,195,9,2
66,15,35,243,10,3
53,13,18,235,10,3
53,14,16,113,9,2
65,15,19,162,7,2
59,23,13,101,9,2
46,13,17,57,6,0
46,14,16,62,8,0
37,14,18,85,12,0
55,14,24,92,11,0
56,16,26,119,11,2
59,14,39,76,14,0
61,13,26,92,8,0
41,13,19,42,8,1
24,13,15,85,7,0
53,15,27,47,8,0
48,15,24,54,7,0
50,22,15,46,10,1
57,17,16,46,8,0
59,14,45,79,11,0
37,11,18,115,9,2
50,11,38,82,9,0
58,12,46,78,9,0
47,12,28,102,9,2
39,13,21,93,11,0
38,6,12,67,10,0
32,4,6,33,7,1
30,5,4,33,5,1
42,6,8,47,7,1
50,4,6,63,8,0
45,4,8,37,9,1
26,3,11,35,9,1
26,5,5,31,7,1
36,3,5,27,10,1
50,2,7,71,10,0
48,2,6,88,6,0
65,3,14,86,13,0
40,2,8,46,9,1
48,4,8,51,10,0
40,2,8,46,11,1
34,3,7,41,9,1
43,2,8,54,9,0
43,4,5,72,7,0
59,5,7,87,9,0
74,14,6,47,11,0
45,5,5,43,7,1
43,4,3,27,8,1
46,3,7,45,8,1
57,3,5,45,8,0
36,1,4,71,8,0
49,2,7,45,13,1
53,4,6,52,11,0
61,5,6,33,14,0
43,12,14,90,5,0
34,9,5,57,2,0
32,10,7,62,2,0
48,13,11,83,3,0
56,12,9,82,2,0
48,9,11,55,3,0
35,9,14,47,3,1
28,9,5,55,2,0
56,4,10,44,10,0
53,4,11,86,12,0
53,7,9,124,4,2
47,1,8,68,10,0
48,3,10,52,7,0
52,7,12,52,13,0
54,8,14,68,11,0
45,9,11,91,9,0
66,6,15,97,7,0
64,3,9,76,7,0
58,7,11,57,7,0
77,8,17,53,9,0
53,21,7,51,7,0
56,16,7,47,7,0
58,26,17,51,9,0
62,25,12,55,4,0
43,18,9,84,4,0
53,16,13,72,7,0
61,25,14,64,8,0
64,21,23,49,9,0
51,18,35,62,7,0
55,19,22,44,6,0
54,17,22,35,3,0
59,19,25,65,7,0
51,19,19,81,3,0
52,17,29,33,6,0
40,17,23,24,4,1
26,18,13,40,3,1
50,17,19,53,6,0
53,17,26,72,8,0
45,18,18,64,4,0
60,17,31,71,4,0
48,17,17,67,5,0
40,17,22,73,6,0
39,19,19,65,6,0
37,18,17,55,5,0
51,17,19,92,5,0
36,18,15,66,4,0
56,19,20,85,8,0
62,18,20,89,9,0
50,19,17,53,7,0
58,19,26,75,8,0
51,17,17,60,5,0
39,18,22,40,6,1
46,19,29,55,5,0
62,18,23,71,5,0
38,18,18,53,3,0
38,19,22,79,5,0
45,18,19,70,7,0
65,19,37,77,10,0
42,25,11,90,8,0
51,25,10,36,6,0
55,27,14,48,6,0
66,28,22,63,7,0
66,28,14,83,8,0
56,26,18,60,8,0
42,25,17,28,9,1
33,26,10,58,7,0
59,28,13,57,8,0
65,27,19,107,8,2
109,27,13,87,5,2
82,27,24,89,10,0
52,26,13,64,7,0
54,28,13,61,9,0
57,27,15,72,9,0
60,27,16,66,8,0
60,27,19,75,8,0
52,28,12,82,6,0
73,29,17,86,10,0
78,28,13,73,6,0
69,28,14,57,7,0
111,31,25,58,10,2
66,27,13,51,7,0
64,26,25,53,9,0
59,20,14,60,9,0
80,22,26,44,9,0
38,7,17,129,5,2
34,7,7,49,6,1
34,8,6,46,3,1
52,15,9,62,4,0
45,8,18,73,6,0
53,11,12,100,10,0
62,10,15,147,14,2
68,19,18,67,10,0
43,5,11,88,9,0
34,7,5,70,7,0
49,7,15,77,8,0
61,8,16,101,10,2
34,6,6,131,8,2
46,6,14,82,9,0
51,8,16,85,10,0
69,7,36,76,17,0
53,20,17,81,14,0
62,23,20,64,14,0
57,26,17,45,9,0
56,23,15,41,13,0
54,19,19,40,11,0
42,23,14,31,10,1
51,21,22,57,10,0
53,22,18,69,19,0
55,21,18,52,12,0
63,32,22,59,13,0
53,23,15,48,13,0
41,23,9,69,11,0
61,26,20,56,18,0
56,25,16,38,12,0
54,22,22,54,17,0
54,24,17,46,13,0
59,24,19,46,16,0
57,22,28,49,14,0
54,23,20,73,14,0
55,23,23,64,11,0
51,20,11,43,9,0
54,23,19,52,9,0
52,28,21,41,11,0
52,22,28,47,9,0
41,22,14,29,9,1
63,10,27,56,10,0
50,7,12,84,7,0
68,8,20,75,16,0
57,8,15,52,13,0
55,8,14,55,9,0
56,7,20,47,10,0
48,8,13,45,9,1
52,7,18,52,8,0
71,11,24,79,10,0
62,7,19,73,10,0
74,10,22,142,12,2
74,10,28,67,13,0
66,9,16,80,12,0
63,10,19,68,10,0
56,9,19,78,9,0
76,10,19,60,11,0
62,9,15,60,12,0
58,8,24,90,10,0
60,9,19,74,14,0
72,10,20,73,10,0
72,14,27,59,15,0
53,7,16,51,13,0
60,10,27,77,18,0
68,11,23,55,10,0
53,7,9,54,6,0
53,7,22,68,12,0
53,8,25,62,10,0
64,10,25,40,11,0
59,9,21,54,7,0
66,8,28,89,8,0
46,7,14,35,7,1
34,8,30,90,8,0
27,11,21,91,6,0
51,12,28,76,12,0
61,12,29,82,9,0
39,12,22,85,9,0
42,12,25,68,6,0
42,13,20,54,6,0
57,11,22,99,8,0
42,11,23,94,6,0
28,12,18,90,4,0
30,9,28,93,11,0
43,9,30,90,10,0
54,9,30,99,8,0
55,9,35,100,7,0
45,9,32,58,8,0
39,12,34,81,9,0
35,12,26,66,8,0
42,12,26,82,5,0
42,12,34,61,10,0
51,12,36,55,10,0
61,12,55,76,8,0
52,11,23,55,4,0
60,36,12,125,7,2
38,34,12,143,6,2
61,35,14,159,7,2
45,35,9,86,5,0
51,35,17,104,6,2
63,36,11,84,6,0
64,37,16,96,9,0
70,38,19,92,11,0
68,37,24,109,9,2
51,36,13,77,8,0
56,37,16,66,5,0
58,37,13,46,4,0
55,38,17,84,7,0
58,37,21,51,8,0
64,38,17,61,6,0
77,37,26,70,4,0
49,37,16,52,5,0
54,13,27,99,8,0
47,13,18,136,4,2
63,20,21,107,7,2
58,23,19,76,7,0
61,22,20,73,9,0
43,19,17,49,7,1
56,17,29,84,9,0
64,16,30,155,10,2
63,15,24,87,9,0
74,17,31,184,11,2
59,15,26,72,11,0
71,30,29,107,11,2
53,15,22,89,9,0
52,20,18,99,5,0
64,23,22,88,9,0
55,21,20,75,9,0
45,15,25,140,9,2
60,19,24,69,11,0
62,19,24,74,15,0
66,16,27,95,12,0
50,15,21,94,7,0
58,15,30,99,7,0
57,18,34,105,9,2
53,14,21,73,8,0
51,19,22,91,6,0
51,27,24,80,8,0
43,16,31,57,11,0
56,17,27,69,7,0
65,16,39,73,5,0
51,16,20,48,5,0
61.0,20.0,47.0,93.0,9.0,0
61.0,37.0,47.0,31.0,10.0,0
51.0,26.0,16.0,37.0,7.0,0
54.0,22.0,27.0,31.0,6.0,0
45.0,20.0,29.0,30.0,7.0,1
49.0,26.0,20.0,24.0,11.0,1
59.0,25.0,34.0,65.0,10.0,0
45.0,17.0,23.0,132.0,13.0,2
57.0,18.0,20.0,144.0,9.0,2
56.0,21.0,22.0,64.0,11.0,0
30.0,17.0,19.0,60.0,7.0,0
52.0,14.0,33.0,17.0,18.0,0
53.0,14.0,35.0,28.0,15.0,0
31.0,13.0,19.0,22.0,9.0,1
18.0,13.0,15.0,51.0,10.0,0
24.0,17.0,13.0,46.0,10.0,1
41.0,21.0,25.0,41.0,18.0,1
64.0,20.0,26.0,48.0,21.0,0
56.0,14.0,34.0,22.0,21.0,0
37.0,14.0,28.0,19.0,17.0,1
49.0,14.0,32.0,16.0,19.0,1
32.0,12.0,24.0,56.0,15.0,0
48.0,12.0,29.0,46.0,14.0,1
36.0,12.0,23.0,49.0,11.0,1
48.0,14.0,25.0,25.0,14.0,1
55.0,14.0,24.0,22.0,17.0,0
42.0,13.0,22.0,28.0,13.0,1
51.0,20.0,39.0,45.0,12.0,0
51.0,22.0,20.0,37.0,14.0,0
43.0,21.0,10.0,35.0,13.0,1
46.0,27.0,24.0,30.0,10.0,1
47.0,20.0,20.0,36.0,10.0,1
34.0,20.0,9.0,31.0,13.0,1
70.0,39.0,30.0,47.0,19.0,0
63.0,44.0,15.0,56.0,16.0,0
59.0,24.0,18.0,75.0,22.0,0
56.0,23.0,16.0,56.0,17.0,0
24.0,19.0,7.0,50.0,16.0,1
56.0,34.0,24.0,44.0,17.0,0
54.0,26.0,20.0,34.0,17.0,0
70.0,35.0,25.0,47.0,17.0,0
43.0,23.0,8.0,32.0,14.0,1
26.0,21.0,6.0,38.0,12.0,1
22.0,19.0,6.0,63.0,6.0,0
50.0,23.0,14.0,64.0,22.0,0
71.0,26.0,18.0,70.0,17.0,0
60.0,24.0,17.0,45.0,23.0,0
65.0,26.0,14.0,47.0,18.0,0
60.0,34.0,18.0,38.0,17.0,0
42.0,22.0,13.0,91.0,13.0,0
57.0,26.0,18.0,73.0,13.0,0
52.0,28.0,14.0,64.0,12.0,0
60.0,29.0,11.0,44.0,14.0,0
58.0,22.0,10.0,46.0,13.0,0
38.0,21.0,4.0,54.0,8.0,0
41.0,9.0,27.0,63.0,9.0,0
57.0,9.0,42.0,79.0,10.0,0
55.0,10.0,28.0,95.0,8.0,0
56.0,9.0,20.0,86.0,7.0,0
57.0,9.0,36.0,80.0,6.0,0
42.0,9.0,14.0,75.0,6.0,0
55.0,9.0,21.0,65.0,9.0,0
55.0,10.0,15.0,94.0,18.0,0
58.0,9.0,14.0,80.0,8.0,0
57.0,9.0,15.0,81.0,6.0,0
34.0,9.0,11.0,71.0,6.0,0
67.0,9.0,43.0,71.0,13.0,0
53.0,9.0,35.0,91.0,12.0,0
54.0,9.0,17.0,89.0,12.0,0
42.0,9.0,10.0,111.0,6.0,2
55.0,9.0,19.0,79.0,8.0,0
44.0,12.0,14.0,88.0,8.0,0
70.0,11.0,31.0,118.0,14.0,2
58.0,10.0,41.0,67.0,11.0,0
69.0,9.0,29.0,86.0,13.0,0
48.0,11.0,18.0,77.0,9.0,0
37.0,9.0,13.0,95.0,13.0,0
56.0,9.0,25.0,88.0,13.0,0
59.0,9.0,32.0,115.0,12.0,2
50.0,10.0,21.0,88.0,13.0,0
64.0,11.0,17.0,67.0,10.0,0
56.0,11.0,12.0,91.0,5.0,0
39.0,19.0,31.0,48.0,7.0,1
49.0,20.0,46.0,54.0,9.0,0
64.0,20.0,34.0,46.0,6.0,0
47.0,19.0,23.0,37.0,5.0,1
43.0,19.0,29.0,36.0,6.0,1
36.0,20.0,17.0,41.0,6.0,1
57.0,21.0,24.0,35.0,7.0,0
53.0,23.0,19.0,79.0,10.0,0
55.0,21.0,25.0,52.0,8.0,0
51.0,20.0,25.0,50.0,7.0,0
63.0,21.0,26.0,34.0,9.0,0
73.0,20.0,36.0,59.0,10.0,0
54.0,20.0,15.0,39.0,7.0,0
27.0,20.0,11.0,72.0,10.0,0
32.0,20.0,20.0,65.0,12.0,0
47.0,20.0,31.0,72.0,9.0,0
72.0,23.0,30.0,78.0,12.0,0
63.0,22.0,22.0,70.0,12.0,0
55.0,21.0,25.0,61.0,8.0,0
56.0,20.0,34.0,40.0,12.0,0
33.0,20.0,14.0,100.0,9.0,0
51.0,20.0,27.0,86.0,8.0,0
54.0,20.0,23.0,78.0,9.0,0
61.0,22.0,18.0,52.0,7.0,0
64.0,21.0,17.0,45.0,7.0,0
36.0,21.0,16.0,27.0,7.0,1
54.0,12.0,41.0,43.0,9.0,0
56.0,18.0,47.0,58.0,11.0,0
35.0,20.0,15.0,56.0,8.0,0
48.0,14.0,20.0,53.0,5.0,0
49.0,13.0,26.0,47.0,6.0,1
52.0,18.0,14.0,43.0,8.0,0
48.0,16.0,16.0,43.0,9.0,1
35.0,15.0,13.0,65.0,10.0,0
53.0,16.0,19.0,62.0,6.0,0
59.0,19.0,28.0,56.0,8.0,0
37.0,14.0,9.0,52.0,4.0,0
55.0,13.0,34.0,48.0,9.0,0
55.0,13.0,23.0,45.0,13.0,0
63.0,15.0,39.0,56.0,12.0,0
45.0,12.0,15.0,34.0,7.0,1
25.0,12.0,10.0,56.0,6.0,0
27.0,14.0,9.0,59.0,7.0,0
51.0,20.0,17.0,65.0,8.0,0
68.0,16.0,25.0,123.0,14.0,2
69.0,14.0,25.0,57.0,14.0,0
57.0,12.0,25.0,64.0,15.0,0
41.0,14.0,21.0,69.0,15.0,0
40.0,12.0,16.0,102.0,12.0,2
54.0,12.0,27.0,80.0,14.0,0
49.0,12.0,20.0,93.0,11.0,0
45.0,16.0,25.0,67.0,13.0,0
51.0,14.0,19.0,66.0,16.0,0
40.0,10.0,12.0,98.0,7.0,0
29,8,19,27,14,1
37,10,24,28,12,1
39,8,37,19,15,1
24,8,29,21,14,1
43,8,30,29,12,1
50,9,26,32,18,1
51,19,28,25,16,0
29,8,24,26,12,1
35,7,18,33,12,1
38,8,25,51,15,0
53,9,24,31,16,0
47,10,18,68,19,0
43,7,16,39,20,1
51,6,25,21,18,0
60,7,51,53,17,0
52,7,24,41,16,0
24,5,18,28,12,1
45,16,48,23,15,1
38,8,27,17,11,1
30,5,16,20,13,1
35,11,15,22,14,1
31,8,16,30,13,1
28,5,5,29,9,1
20,4,10,27,9,1
19,5,14,25,13,1
42,5,15,27,13,1
33,5,16,22,13,1
59,7,40,18,13,0
50,9,14,30,6,1
36,9,19,33,6,1
49,9,37,27,9,1
36,7,12,31,7,1
63,9,19,42,8,0
54,9,22,45,8,0
20,7,11,45,7,1
37,8,18,43,7,1
43,7,20,91,13,0
75,12,19,67,9,0
65,9,14,76,9,0
63,13,10,80,7,0
64,8,37,34,12,0
70,13,23,51,7,0
26,7,13,51,5,0
46,10,25,30,9,1
33,8,15,29,6,1
25,7,11,32,5,1
30,8,15,29,7,1
48,8,11,32,6,1
20,7,7,34,3,1
28,7,4,35,3,1
26,7,7,31,5,1
34,8,14,32,8,1
43,8,13,30,8,1
42,8,12,26,8,1
60,11,32,28,10,0
44,15,39,38,10,1
38,15,35,45,8,1
41,15,50,37,8,1
67,14,57,49,12,0
55,14,26,45,8,0
51,14,28,50,7,0
26,14,20,48,10,1
46,14,35,46,11,1
53,16,26,45,9,0
48,16,19,126,6,2
55,16,23,68,9,0
57,15,36,56,8,0
62,15,46,108,8,2
52,17,35,55,15,0
38,16,30,59,10,0
51,16,47,58,11,0
53,16,28,35,6,0
43,15,21,35,7,1
33,15,25,38,7,1
55,14,75,41,11,0
49,15,27,49,6,1
48,16,40,38,10,1
50,15,33,48,13,1
51,16,52,45,10,0
57,30,14,33,3,0
52,30,16,36,3,0
59,30,40,35,3,0
43,30,32,32,5,1
59,30,36,41,4,0
59,30,16,33,3,0
74,30,11,66,3,0
47,30,23,38,4,1
51,31,22,76,4,0
69,32,24,98,7,0
74,26,47,191,7,2
67,23,27,118,4,2
43,21,22,170,4,2
62,23,32,93,4,0
54,22,20,51,3,0
30,20,11,68,3,0
34,20,22,80,4,0
58,19,34,85,4,0
40,19,15,92,4,0
52,19,21,89,5,0
54,18,20,84,2,0
56,21,27,104,6,2
64,22,41,78,7,0
37,14,28,73,6,0
33,16,27,64,7,0
51,15,38,46,9,0
34,14,31,51,9,0
63,16,37,52,6,0
48,19,23,50,9,1
55,28,22,46,6,0
26,15,22,67,6,0
48,15,24,50,6,1
34,15,23,51,4,0
52,22,19,36,8,0
43,20,18,106,8,2
44,17,19,83,8,0
53,18,26,60,7,0
72,17,45,77,10,0
56,19,25,62,11,0
24,15,15,49,3,1
50,30,55,182,7,2
48,20,21,62,6,0
21,15,14,73,5,0
34,16,19,46,7,1
32,15,22,55,7,0
21,15,12,88,3,0
18,15,11,89,2,0
20,14,15,83,5,0
40,18,17,52,7,0
16.0,16.0,5.0,29.0,4.0,1
61.0,15.0,28.0,198.0,8.0,2
41.0,13.0,26.0,128.0,8.0,2
65.0,12.0,32.0,99.0,9.0,0
62.0,15.0,22.0,47.0,5.0,0
29.0,19.0,22.0,47.0,12.0,1
63.0,19.0,33.0,118.0,15.0,2
52.0,12.0,22.0,64.0,10.0,0
48.0,11.0,19.0,80.0,11.0,0
24.0,18.0,22.0,73.0,9.0,0
53.0,23.0,22.0,33.0,11.0,0
33.0,14.0,7.0,64.0,11.0,0
36.0,15.0,6.0,39.0,20.0,1
55.0,19.0,14.0,105.0,10.0,2
33.0,19.0,7.0,113.0,26.0,2
61.0,22.0,13.0,66.0,14.0,0
47.0,16.0,13.0,64.0,18.0,0
38.0,19.0,19.0,27.0,13.0,1
33.0,22.0,8.0,33.0,16.0,1
40.0,19.0,13.0,36.0,15.0,1
49.0,22.0,19.0,33.0,18.0,1
48.0,23.0,13.0,58.0,13.0,0
32.0,20.0,9.0,49.0,7.0,1
45.0,20.0,14.0,45.0,14.0,1
24.0,19.0,9.0,45.0,13.0,1
32.0,19.0,20.0,35.0,13.0,1
56.0,20.0,26.0,53.0,17.0,0
45.0,19.0,14.0,52.0,12.0,0
41.0,20.0,32.0,36.0,14.0,1
35.0,19.0,11.0,29.0,12.0,1
28.0,19.0,15.0,43.0,12.0,1
50.0,22.0,16.0,39.0,17.0,1
31.0,18.0,7.0,42.0,7.0,1
39.0,18.0,29.0,32.0,15.0,1
34.0,18.0,12.0,33.0,11.0,1
23.0,19.0,13.0,46.0,16.0,1
45.0,19.0,12.0,43.0,17.0,1
21.0,13.0,3.0,40.0,1.0,1
20.0,13.0,4.0,47.0,2.0,1
23.0,13.0,4.0,46.0,2.0,1
42.0,11.0,7.0,38.0,3.0,1
54.0,11.0,10.0,40.0,3.0,0
71.0,11.0,16.0,132.0,8.0,2
40.0,10.0,7.0,143.0,3.0,2
55.0,10.0,12.0,158.0,6.0,2
49.0,12.0,16.0,127.0,3.0,2
54.0,12.0,18.0,91.0,4.0,0
72.0,10.0,18.0,53.0,10.0,0
31.0,7.0,6.0,64.0,5.0,0
39.0,7.0,8.0,58.0,4.0,0
20.0,7.0,6.0,48.0,4.0,1
44.0,8.0,13.0,63.0,7.0,0
60.0,11.0,25.0,82.0,12.0,0
52.0,10.0,14.0,94.0,8.0,0
23.0,9.0,12.0,92.0,8.0,0
40.0,9.0,24.0,70.0,9.0,0
36.0,9.0,13.0,81.0,9.0,0
32.0,8.0,25.0,74.0,9.0,0
50.0,9.0,33.0,67.0,8.0,0
56.0,9.0,39.0,74.0,8.0,0
53.0,9.0,25.0,77.0,6.0,0
46.0,9.0,22.0,88.0,6.0,0
47.0,10.0,32.0,67.0,9.0,0
56.0,10.0,21.0,54.0,7.0,0
16.0,7.0,6.0,24.0,3.0,1
17.0,7.0,5.0,25.0,4.0,1
15.0,7.0,5.0,26.0,4.0,1
32.0,8.0,9.0,48.0,8.0,1
50.0,9.0,10.0,51.0,8.0,0
61.0,11.0,22.0,93.0,11.0,0
70.0,17.0,16.0,62.0,11.0,0
51.0,22.0,11.0,84.0,15.0,0
57.0,26.0,17.0,45.0,10.0,0
61.0,24.0,15.0,55.0,11.0,0
54.0,25.0,20.0,30.0,11.0,0
47.0,27.0,15.0,44.0,10.0,1
27.0,23.0,8.0,26.0,5.0,1
33.0,23.0,14.0,15.0,9.0,1
25.0,23.0,7.0,18.0,5.0,1
38.0,24.0,10.0,20.0,7.0,1
52.0,26.0,32.0,28.0,11.0,0
47.0,24.0,15.0,37.0,9.0,1
31.0,24.0,14.0,38.0,9.0,1
46.0,23.0,23.0,32.0,9.0,1
39.0,19.0,19.0,33.0,10.0,1
26.0,15.0,23.0,27.0,7.0,1
43.0,14.0,37.0,39.0,9.0,1
40.0,13.0,49.0,33.0,8.0,1
32.0,20.0,28.0,28.0,8.0,1
33.0,19.0,33.0,27.0,8.0,1
32.0,21.0,21.0,31.0,9.0,1
24.0,19.0,15.0,36.0,8.0,1
10.0,10.0,7.0,44.0,4.0,1
7.0,11.0,6.0,44.0,3.0,1
9.0,10.0,6.0,35.0,2.0,1
39.0,12.0,10.0,26.0,5.0,1
33.0,12.0,9.0,45.0,5.0,1
59.0,14.0,25.0,63.0,10.0,0
33.0,15.0,13.0,95.0,12.0,0
24.0,13.0,10.0,76.0,12.0,0
44.0,13.0,20.0,64.0,21.0,0
12.0,11.0,18.0,49.0,16.0,1
63.0,13.0,22.0,39.0,11.0,0
45.0,21.0,19.0,47.0,16.0,1
53.0,12.0,19.0,70.0,11.0,0
41.0,13.0,20.0,49.0,15.0,1
46.0,25.0,13.0,59.0,13.0,0
25.0,14.0,8.0,43.0,6.0,1
46.0,15.0,12.0,49.0,10.0,1
16.0,11.0,7.0,31.0,1.0,1
22.0,9.0,16.0,45.0,8.0,1
69.0,9.0,39.0,63.0,10.0,0
56.0,9.0,22.0,59.0,7.0,0
16.0,9.0,18.0,41.0,8.0,1
52.0,9.0,28.0,36.0,11.0,0
48.0,9.0,17.0,37.0,8.0,1
53.0,9.0,31.0,53.0,15.0,0
49.0,9.0,34.0,44.0,9.0,1
32.0,9.0,17.0,37.0,8.0,1
20.0,5.0,22.0,44.0,9.0,1
44.0,16.0,12.0,49.0,8.0,1
30,20,10,32,9,1
27,22,12,29,8,1
39,22,14,32,10,1
34,22,14,38,10,1
35,22,12,31,9,1
46,23,16,32,9,1
37,23,26,33,11,1
41,26,20,30,11,1
52,23,29,24,12,0
24,24,18,25,8,1
34,31,25,23,8,1
27,23,9,33,4,1
33,26,12,36,8,1
34,28,13,27,7,1
29,22,13,36,8,1
52,60,19,30,8,0
51,34,21,74,20,0
37,29,14,31,6,1
61,34,36,58,15,0
47,30,15,33,9,1
30,36,14,26,9,1
40,36,18,28,15,1
49,11,23,38,19,1
38,12,21,35,20,1
44,10,22,25,16,1
31,7,8,41,5,1
23,7,9,35,6,1
47,7,16,45,8,1
45,7,10,44,8,1
41,7,11,44,6,1
54,7,16,41,8,0
46,7,30,45,8,1
51,8,17,48,8,0
64,7,24,45,10,0
43,8,19,32,9,1
44,8,20,35,9,1
34,7,11,34,5,1
37,8,9,35,7,1
32,8,7,35,9,1
33,7,11,37,9,1
51,7,16,39,10,0
86,14,26,81,11,0
41,7,10,44,7,1
73,10,50,92,15,0
53,8,13,35,6,0
34,7,11,30,8,1
62,10,15,44,7,0
39,8,12,26,8,1
55,10,21,25,7,0
30,7,24,28,8,1
58,12,30,75,7,0
48,11,10,83,7,0
52,8,19,67,6,0
34,7,9,40,7,1
53,7,15,35,7,0
52,12,25,57,4,0
62,11,39,46,7,0
47,10,20,44,5,1
67,11,58,46,13,0
44,11,16,63,6,0
67,11,41,78,12,0
52,12,40,119,12,2
44,12,25,60,5,0
76,14,62,110,10,2
50,12,20,65,6,0
62,12,41,50,15,0
58,12,43,64,13,0
53,14,24,59,6,0
50,14,31,44,12,1
40,14,34,35,5,1
45,15,43,84,9,0
36,14,29,78,11,0
62,13,39,74,9,0
70,13,42,79,10,0
45,14,27,54,8,0
45,36,25,46,5,1
51,37,15,46,6,0
48,38,14,51,5,0
40,39,19,50,5,1
56,37,33,41,6,0
50,38,18,47,6,1
52,40,16,47,5,0
82,38,31,30,6,0
44,37,18,33,6,1
36,38,20,30,5,1
43,38,9,43,2,1
33,38,11,51,3,0
32,32,11,48,6,1
35,29,10,52,5,0
70,30,37,63,5,0
71,29,36,125,6,2
59,30,15,75,6,0
76,31,71,94,5,0
56,31,13,50,7,0
54,30,17,50,4,0
82,31,25,53,5,0
60,32,20,44,7,0
71,30,22,29,5,0
37,29,26,35,3,1
63,30,29,71,4,0
47,30,13,73,4,0
63,30,27,92,5,0
33,30,14,80,5,0
56,30,18,37,5,0
22,15,24,102,7,2
44,17,21,63,7,0
40,18,19,85,9,0
37,21,18,62,5,0
58,18,28,64,9,0
36,18,39,66,9,0
49,21,22,70,10,0
60,14,41,71,11,0
25,17,17,47,7,1
36,17,22,80,9,0
24,18,13,46,3,1
34,24,15,50,4,1
40,26,17,33,7,1
25,16,15,51,4,0
65,18,30,57,5,0
67,20,35,98,10,0
41,18,17,52,7,0
76,18,50,66,7,0
43,16,19,45,8,1
52,18,21,41,8,0
57,17,34,47,9,0
55,15,29,50,10,0
46,15,27,40,7,1
36,14,27,80,6,0
57,16,42,89,7,0
31,14,17,58,7,0
65,16,35,65,9,0
56,17,25,73,5,0
27,19,16,61,8,0
46,16,24,44,7,1
59,10,23,51,15,0
61,11,24,73,15,0
60,26,21,45,16,0
58,25,20,29,16,0
58,22,23,43,13,0
57,27,22,42,13,0
63,23,12,41,7,0
60,23,17,36,10,0
60,21,22,72,15,0
62,26,20,32,14,0
59,20,18,105,14,2
72,20,18,105,17,2
58,23,23,39,13,0
62,23,24,51,19,0
64,23,27,65,19,0
66,22,23,49,16,0
55,22,26,34,18,0
62,22,22,64,22,0
57,19,18,69,12,0
59,20,24,79,21,0
64,25,23,42,15,0
62,22,20,52,19,0
66,23,25,75,25,0
65,22,21,38,21,0
59,15,17,47,13,0
66,14,15,73,13,0
65,14,27,53,17,0
64,20,26,63,15,0
63,21,22,64,13,0
69,12,10,70,9,0
71,20,11,74,10,0
69,16,7,78,9,0
63,13,12,91,8,0
58,10,6,50,8,0
56,9,4,52,6,0
61,11,6,53,8,0
66,13,9,111,8,2
57,10,7,82,6,0
67,13,10,50,9,0
64,8,8,147,6,2
74,7,14,149,5,2
70,9,9,59,5,0
72,10,13,77,6,0
68,10,7,82,9,0
73,10,9,63,8,0
68,14,9,49,7,0
66,7,8,91,5,0
67,7,11,100,7,0
83,10,9,62,10,0
76,11,7,70,8,0
79,9,15,123,11,2
83,10,9,55,9,0
73,10,6,54,9,0
75,9,8,77,8,0
75,7,9,70,7,0
79,10,11,99,10,0
83,11,13,78,11,0
59,12,12,90,9,0
60,12,11,81,11,0
63,14,12,85,9,0
66,12,19,78,12,0
58,11,16,80,10,0
55,11,14,82,10,0
55,13,9,58,7,0
55,14,13,84,9,0
53,12,12,65,7,0
58,14,14,91,15,0
65,14,14,63,9,0
58,13,15,77,11,0
49,12,11,88,10,0
74,14,19,134,12,2
67,13,22,77,18,0
78,12,15,83,10,0
64,12,12,89,12,0
65,13,13,87,11,0
63,15,13,51,11,0
67,13,13,87,9,0
79,13,14,90,9,0
71,12,14,107,10,2
75,14,19,78,12,0
64,13,14,92,11,0
76,13,37,98,16,0
64,14,11,96,9,0
62,12,11,94,7,0
73,13,15,104,9,2
74,11,17,129,9,2
77,12,26,81,15,0
71,13,23,94,10,0
64,26,12,96,12,0
71,26,13,88,11,0
63,28,15,77,10,0
77,25,14,60,9,0
67,26,15,75,10,0
61,26,13,69,13,0
55,26,6,51,6,0
55,27,8,72,6,0
69,26,13,82,18,0
64,31,11,85,15,0
71,28,16,52,12,0
67,28,17,60,13,0
57,27,11,163,9,2
80,29,16,160,9,2
65,26,13,62,9,0
76,27,16,92,12,0
59,27,11,91,12,0
64,27,15,69,9,0
63,28,16,46,12,0
64,27,13,78,9,0
60,27,10,86,5,0
61,25,14,104,7,2
83,28,20,77,12,0
69,28,9,65,10,0
66,27,9,79,8,0
90,27,14,115,9,2
74,27,13,100,10,0
83,27,23,75,10,0
68,28,13,77,10,0
62,18,20,71,12,0
50,21,10,48,6,1
50,22,11,56,7,0
67,17,17,84,8,0
60,28,14,79,8,0
64,24,16,50,10,0
65,24,17,64,9,0
67,22,16,90,8,0
84,23,22,126,12,2
68,22,23,64,14,0
69,22,19,84,12,0
64,21,16,107,13,2
74,22,18,77,11,0
62,23,17,58,9,0
75,23,16,113,10,2
63,22,13,88,6,0
67,21,18,121,7,2
66,25,19,65,14,0
69,21,16,92,8,0
75,23,19,124,9,2
63,23,15,95,11,0
58,24,12,72,9,0
66,23,17,95,9,0
70,19,19,91,7,0
73,20,24,99,12,0
67,21,15,88,6,0
50,6,18,69,15,0
53,5,22,72,14,0
40,4,13,62,10,0
55,4,18,48,11,0
53,9,20,35,13,0
33,6,11,39,9,1
43,5,9,34,8,1
29,4,13,71,8,0
37,5,17,76,15,0
45,8,20,56,16,0
48,8,22,64,22,0
67,8,22,72,18,0
55,9,25,68,21,0
52,7,21,59,16,0
46,7,27,56,24,0
50,9,16,70,17,0
52,9,23,42,14,0
52,10,20,44,12,0
52,11,16,68,16,0
62,12,25,79,17,0
62,13,23,66,13,0
61,14,17,91,15,0
65,9,20,76,17,0
63,10,20,75,13,0
63,14,20,62,15,0
71,10,22,113,16,2
62,8,28,69,21,0
59,14,26,51,14,0
57,13,16,58,12,0
60,9,12,104,7,2
59,8,17,106,9,2
52,9,15,77,10,0
67,14,14,75,7,0
64,10,13,52,6,0
50,23,5,52,4,0
51,13,5,52,5,0
44,10,8,105,8,2
51,10,11,92,10,0
57,11,14,71,8,0
57,12,13,87,7,0
62,9,14,92,10,0
67,9,13,105,9,2
68,10,14,72,9,0
57,9,18,93,10,0
62,11,7,89,4,0
68,12,14,68,10,0
69,12,9,53,10,0
80,27,11,61,11,0
87,18,19,94,13,0
79,10,14,65,12,0
80,16,10,110,10,2
70,11,10,79,9,0
66,12,11,70,7,0
89,19,12,73,10,0
84,19,10,67,11,0
81,14,20,137,12,2
65,11,13,81,10,0
69,12,11,173,10,2
63,12,8,57,8,0
57,11,11,76,5,0
58,11,23,101,9,2
50,11,12,89,6,0
75,11,18,82,9,0
73,11,20,65,9,0
50,11,10,75,7,0
67,11,22,100,11,0
60,11,20,98,14,0
54,10,20,112,8,2
66,10,24,107,10,2
60,11,21,93,8,0
59,13,10,74,9,0
64,13,13,86,14,0
77,12,34,79,16,0
72,12,16,103,10,2
76,13,19,122,13,2
71,12,17,134,10,2
79,13,15,93,11,0
77,13,22,82,11,0
70,13,20,80,14,0
67,13,15,142,11,2
64,13,13,143,17,2
64,14,13,106,17,2
63,14,16,83,12,0
53,23,13,71,7,0
56,23,15,82,7,0
53,23,17,69,8,0
71,24,19,71,10,0
82,25,26,56,12,0
51,23,7,55,5,0
45,24,6,54,5,0
50,22,9,65,9,0
48,23,14,85,11,0
57,23,15,68,9,0
56,24,19,104,10,2
57,24,18,89,11,0
79,24,23,148,12,2
73,25,18,71,9,0
52,24,18,90,11,0
61,24,15,91,7,0
75,25,17,72,11,0
62,27,9,59,11,0
70,26,19,89,12,0
84,25,27,88,12,0
75,27,13,97,11,0
74,28,18,133,10,2
69,26,18,81,12,0
72,27,17,90,8,0
84,26,20,82,14,0
73,27,19,67,11,0
65,26,25,116,17,2
69,29,17,82,17,0
62,29,14,85,9,0
64,27,15,83,8,0
63,17,19,89,9,0
70,15,22,88,8,0
55,15,18,71,8,0
72,16,20,61,8,0
58,21,18,50,6,0
44,17,11,55,6,0
43,16,11,51,4,0
36,13,11,68,4,0
47,14,18,98,8,0
57,16,19,88,8,0
55,15,19,105,9,2
68,17,18,108,8,2
70,19,18,96,9,0
68,16,20,82,8,0
53,15,26,99,11,0
57,19,16,88,7,0
60,17,24,71,8,0
56,21,13,52,9,0
60,21,17,92,11,0
78,20,24,99,12,0
68,23,17,99,9,0
68,25,19,121,9,2
72,20,20,90,8,0
76,24,19,103,12,2
80,21,25,89,11,0
71,23,21,69,10,0
79,23,19,141,10,2
68,20,17,116,9,2
63,25,14,84,11,0
55,26,13,79,11,0
50,14,10,45,9,1
44,14,7,37,8,1
41,14,4,31,8,1
45,18,4,28,8,1
56,18,6,60,12,0
69,18,7,74,13,0
55,16,5,65,9,0
59,15,5,33,10,0
58,14,6,41,12,0
67,16,10,34,10,0
63,16,6,40,10,0
49,15,6,58,13,0
60,16,6,61,10,0
60,15,6,61,12,0
70,13,8,54,13,0
67,16,8,35,11,0
56,15,5,49,8,0
60,17,6,56,9,0
57,15,6,47,11,0
61,17,12,67,17,0
63,16,6,61,10,0
67,20,6,34,11,0
53,18,7,41,15,0
53,15,7,77,11,0
76,19,13,64,23,0
70,18,10,61,19,0
65,20,6,42,14,0
72,21,6,47,11,0
68,20,5,57,11,0
75,20,6,53,15,0
53,23,17,52,10,0
41,21,10,46,8,1
43,21,12,45,11,1
53,31,11,39,11,0
62,21,12,87,12,0
67,22,16,84,14,0
60,18,10,63,11,0
66,18,11,51,12,0
65,21,9,57,13,0
65,21,11,56,14,0
63,17,8,61,8,0
55,22,10,76,12,0
68,24,10,80,12,0
64,30,11,63,11,0
71,19,13,81,12,0
73,19,11,56,10,0
74,23,12,53,12,0
67,18,13,75,9,0
54,18,10,63,10,0
73,21,18,72,15,0
67,18,11,67,7,0
68,22,12,69,10,0
58,22,10,70,11,0
58,18,11,124,19,2
80,25,29,79,19,0
78,21,22,81,18,0
75,22,11,64,11,0
75,25,11,64,10,0
76,23,11,66,15,0
78,24,13,69,12,0
52,17,22,59,5,0
48,17,20,53,4,0
56,2,18,36,7,0
54,3,17,60,8,0
59,2,16,79,7,0
53,2,19,96,15,0
61,2,23,56,7,0
77,2,38,58,9,0
62,2,21,61,8,0
54,4,17,66,8,0
40,2,14,71,9,0
47,2,14,69,6,0
62,3,18,65,5,0
60,3,20,48,9,0
62,3,20,75,8,0
52,3,14,57,6,0
59,3,20,51,8,0
58,3,17,58,6,0
71,6,19,53,6,0
54,12,21,61,7,0
52,12,16,60,7,0
76,12,37,77,12,0
70,13,21,81,10,0
64,13,18,69,7,0
70,13,16,81,6,0
71,14,15,78,6,0
65,13,18,65,9,0
61,22,19,58,4,0
50,22,14,49,5,1
43,21,12,41,4,1
55,22,13,35,3,0
56,24,11,79,4,0
64,24,13,87,5,0
66,26,16,74,5,0
72,23,13,45,4,0
81,24,19,57,5,0
63,24,9,70,4,0
50,22,9,72,4,0
54,23,10,75,4,0
63,23,12,72,4,0
76,23,14,62,3,0
74,24,13,43,3,0
70,23,14,59,4,0
63,24,12,64,4,0
54,22,10,53,4,0
70,23,16,59,7,0
60,22,12,53,4,0
63,25,11,44,5,0
53,22,14,57,5,0
44,22,10,82,3,0
77,22,53,77,9,0
78,24,23,86,6,0
68,25,14,52,5,0
80,24,12,69,3,0
78,24,11,66,4,0
79,23,13,70,5,0
59,10,19,69,10,0
42,10,9,57,7,0
40,9,10,48,3,1
49,12,17,41,2,1
55,13,14,96,2,0
59,13,14,98,4,0
51,11,10,95,4,0
56,12,17,53,3,0
60,12,27,61,3,0
56,12,24,61,6,0
13,13,8,79,9,0
5,11,8,97,8,0
53,11,10,99,7,0
54,12,12,97,8,0
60,13,10,95,8,0
57,17,10,59,9,0
52,13,13,73,8,0
57,15,14,79,9,0
57,11,12,75,7,0
60,12,19,92,13,0
57,12,14,90,8,0
59,15,12,65,9,0
49,13,15,69,12,0
52,11,11,85,13,0
76,16,38,85,17,0
71,14,23,97,13,0
55,14,11,64,7,0
58,16,10,71,7,0
56,15,10,90,11,0
67,15,16,86,10,0
50,13,29,16,15,1
30,19,24,21,12,1
38,16,15,47,15,1
52,21,32,42,22,0
40,15,28,29,21,1
46,15,25,29,17,1
45,17,39,66,16,0
56,18,41,33,27,0
48,14,29,109,21,2
48,17,22,52,11,0
28,15,20,25,10,1
41,15,20,17,12,1
43,14,28,50,16,1
47,16,30,99,18,0
57,29,28,60,16,0
47,15,42,28,12,1
30,19,18,33,9,1
31,19,18,21,8,1
25,16,18,12,6,1
21,15,16,25,8,1
23,3,16,24,10,1
30,7,20,28,9,1
25,6,15,19,8,1
16,5,9,28,4,1
18,5,14,19,7,1
44,8,29,32,12,1
29,6,25,53,15,0
44,5,36,47,18,1
53,6,34,54,20,0
40,6,25,79,16,0
51,8,35,94,18,0
38,19,13,36,14,1
50,51,11,30,11,0
46,23,6,78,8,0
51,22,18,61,18,0
44,21,12,64,22,0
40,20,11,42,19,1
55,24,26,48,17,0
76,25,31,54,23,0
67,35,22,92,27,0
60,26,16,164,19,2
55,23,15,44,18,0
30,20,9,34,12,1
50,27,14,43,22,1
54,26,14,80,36,0
59,23,19,85,35,0
60,26,21,47,15,0
39,21,12,48,8,1
42,20,13,47,10,1
33,19,14,28,6,1
27,8,8,33,12,1
35,8,9,37,9,1
31,8,11,45,12,1
26,7,7,39,15,1
19,7,5,40,2,1
21,7,7,37,7,1
58,10,24,53,16,0
43,11,12,72,14,0
56,7,15,96,11,0
62,13,18,69,17,0
62,18,14,87,11,0
60,11,26,84,11,0
52,9,18,70,7,0
45,10,25,62,11,0
53,10,22,77,9,0
55,11,20,104,13,2
47,10,17,79,11,0
54,9,24,60,18,0
52,10,23,83,14,0
78,11,37,155,14,2
63,10,22,111,11,2
54,10,17,122,8,2
54,10,16,36,12,0
40,10,13,51,6,0
35,10,14,102,8,2
57,11,52,72,18,0
71,11,21,69,10,0
55,10,23,70,10,0
51,9,13,59,6,0
52,9,13,65,6,0
38,9,14,68,5,0
36,10,8,61,5,0
58,9,18,38,6,0
55,10,24,40,5,0
40,9,8,39,4,1
36,9,5,28,2,1
40,9,12,26,6,1
71,9,26,55,15,0
47,10,17,97,8,0
56,10,19,83,12,0
59,11,20,136,10,2
34,20,18,48,8,1
35,20,12,74,8,0
45,21,26,73,9,0
33,20,17,73,9,0
34,21,23,42,12,1
45,21,23,79,9,0
76,22,40,75,13,0
63,22,24,100,12,0
50,21,23,49,15,1
52,21,19,30,8,0
32,20,13,26,9,1
49,21,17,66,8,0
58,22,35,92,11,0
68,23,22,77,12,0
56,20,19,46,8,0
33,21,13,29,5,1
35,21,13,34,5,1
38,20,9,37,3,1
50,21,21,32,7,1
32,20,24,38,4,1
25,20,8,25,3,1
31,20,5,20,2,1
34,20,11,30,7,1
63,21,36,60,10,0
57,22,17,83,10,0
40,21,17,61,15,0
62,24,10,63,9,0
62,23,24,83,9,0
58,11,22,53,11,0
38,14,19,51,8,0
32,12,12,82,8,0
47,16,19,91,12,0
27,10,18,83,16,0
37,12,17,55,17,0
54,13,32,112,13,2
68,12,33,99,15,0
58,12,25,215,15,3
55,14,17,131,9,2
45,13,13,55,9,0
32,14,11,48,6,1
32,11,16,122,11,2
53,14,29,162,15,2
71,23,29,132,11,2
57,13,43,128,11,2
38,17,10,82,6,0
38,17,12,48,7,1
26,15,7,33,4,1
26,16,7,65,3,0
40,13,10,74,4,0
42,19,17,58,5,0
31,18,6,75,3,0
17,14,5,55,2,0
26,12,6,42,3,1
61,18,19,89,8,0
39,13,16,192,15,2
51,15,24,130,17,2
57,19,15,182,10,2
51,18,19,190,13,2
57,16,18,194,8,2
49,3,24,54,11,0
27,5,14,19,5,1
41,15,24,42,16,1
51,12,32,29,14,0
38,7,34,82,15,0
35,7,22,70,13,0
49,9,31,44,16,1
55,4,30,61,21,0
52,6,26,57,19,0
35,3,24,42,16,1
47,3,21,40,13,1
57,2,19,46,12,0
51,3,28,41,15,0
53,6,23,31,13,0
56,11,19,38,12,0
48,7,23,78,18,0
53,7,24,47,18,0
47,10,21,59,15,0
72,12,18,80,16,0
54,8,22,47,15,0
55,7,21,66,16,0
52,10,16,44,10,0
47,7,20,59,16,0
55,11,22,38,13,0
51,9,15,49,19,0
49,8,14,75,15,0
58,13,32,60,14,0
52,10,26,39,10,0
51,10,19,40,11,0
53,6,19,54,10,0
48,6,16,42,16,1
43,8,15,56,7,0
25,8,9,29,6,1
50,9,9,59,9,0
72,17,27,56,11,0
59,11,13,65,14,0
52,11,9,69,9,0
61,10,22,63,13,0
69,9,28,74,13,0
67,11,20,81,13,0
52,11,12,87,11,0
41,9,7,49,8,1
61,11,11,61,7,0
63,11,19,66,11,0
73,12,12,60,10,0
68,8,6,56,11,0
55,9,9,111,10,2
63,9,9,100,12,0
59,11,12,88,9,0
92,21,13,86,10,0
71,6,9,73,9,0
80,8,9,72,9,0
68,10,9,58,10,0
64,12,12,60,10,0
69,13,11,62,11,0
72,16,12,63,10,0
71,13,10,90,9,0
70,10,11,70,8,0
65,10,8,53,9,0
66,13,9,56,8,0
60,12,13,67,8,0
55,11,11,62,6,0
53,10,29,79,9,0
48,10,18,23,5,1
49,12,13,99,12,0
55,10,19,73,9,0
50,11,14,93,7,0
69,11,27,89,9,0
65,11,24,149,22,2
61,10,20,93,8,0
68,12,17,80,11,0
67,11,17,90,8,0
57,11,17,111,9,2
57,11,17,88,14,0
54,13,17,111,21,2
86,12,31,92,14,0
67,14,12,85,9,0
67,12,18,98,9,0
65,14,15,99,9,0
56,12,11,66,7,0
65,13,17,64,12,0
64,12,21,104,13,2
66,12,19,88,10,0
71,11,20,101,8,2
67,12,13,84,9,0
56,12,12,86,7,0
53,11,14,84,6,0
55,11,13,89,6,0
50,26,13,90,7,0
47,22,25,70,8,0
77,23,52,72,13,0
65,23,32,68,16,0
52,22,16,61,11,0
69,22,16,76,6,0
57,22,33,76,11,0
78,23,22,55,10,0
68,24,15,59,8,0
55,22,22,88,15,0
56,23,16,90,11,0
67,25,23,83,10,0
86,24,24,74,10,0
82,24,14,65,9,0
79,22,19,71,9,0
67,25,15,60,10,0
67,23,17,56,9,0
64,26,16,40,11,0
74,25,23,59,8,0
78,24,20,58,8,0
86,24,20,67,9,0
62,25,12,49,9,0
56,25,13,60,9,0
53,23,16,59,9,0
60,23,16,62,7,0
36,13,20,80,7,0
28,13,10,24,3,1
48,23,19,89,13,0
63,19,32,65,13,0
56,14,34,91,11,0
46,16,18,83,7,0
71,18,29,83,8,0
75,17,34,85,11,0
69,19,29,67,12,0
48,15,26,76,12,0
37,15,16,65,10,0
55,17,24,64,8,0
64,17,27,63,8,0
65,18,23,51,9,0
60,22,20,59,11,0
57,21,22,78,11,0
56,23,26,83,14,0
59,19,25,76,12,0
74,22,31,114,10,2
58,20,16,78,8,0
70,18,25,81,10,0
58,23,18,55,11,0
58,18,19,82,8,0
68,23,24,47,10,0
61,20,21,72,9,0
65,18,22,107,11,2
65,24,17,90,7,0
58,22,14,58,10,0
59,21,17,77,8,0
60,16,17,77,9,0
50,16,14,74,5,0
32,2,12,29,9,1
52,5,11,35,9,0
50,4,4,30,8,1
51,7,7,34,9,0
44,4,4,29,7,1
50,4,3,48,9,1
60,4,4,60,10,0
56,4,3,34,12,0
64,5,3,44,12,0
44,2,4,47,8,1
47,3,4,62,10,0
54,2,3,38,8,0
56,7,9,42,9,0
60,7,7,40,9,0
58,6,8,57,8,0
60,6,8,83,7,0
54,4,6,43,10,0
30,8,8,59,13,0
50,12,10,34,8,1
27,7,7,49,9,1
58,8,7,42,8,0
42,3,10,52,8,0
41,3,8,43,5,1
26,2,4,27,5,1
32,4,5,29,8,1
22,4,4,65,8,0
44,5,6,90,16,0
58,8,6,74,12,0
52,16,7,41,10,0
48,14,7,46,9,1
55,26,12,53,5,0
36,17,7,48,5,1
60,34,17,47,5,0
53,20,7,48,6,0
53,21,10,42,8,0
52,18,9,45,5,0
62,20,9,64,9,0
51,15,8,49,6,0
59,17,14,57,11,0
50,24,11,62,7,0
54,21,14,55,10,0
55,16,8,55,7,0
61,23,8,56,12,0
66,20,9,57,9,0
59,19,8,62,8,0
68,20,11,74,9,0
62,19,11,64,9,0
42,21,14,56,9,0
54,17,9,57,9,0
33,23,9,79,12,0
56,18,16,62,17,0
33,22,8,68,6,0
50,18,17,65,11,0
40,25,12,44,9,1
43,42,12,45,8,1
28,16,7,76,10,0
56,35,14,113,12,2
57,27,11,68,10,0
57,38,15,57,11,0
45,32,12,56,9,0
55,18,21,58,4,0
25,19,12,46,5,1
62,20,35,49,8,0
40,19,14,35,5,1
53,18,18,50,5,0
38,18,13,47,5,1
33,18,16,68,3,0
66,17,18,65,5,0
57,17,20,60,8,0
67,17,26,68,7,0
43,17,18,62,6,0
44,17,20,63,5,0
44,18,17,69,4,0
57,17,17,64,6,0
59,17,18,58,6,0
56,17,17,63,6,0
60,17,18,77,6,0
52,17,15,75,4,0
26,18,15,59,5,0
34,18,14,67,5,0
21,19,14,46,5,1
48,19,16,55,5,0
37,18,15,54,4,0
57,17,26,28,6,0
30,18,15,30,4,1
37,18,18,40,5,1
37,18,12,75,2,0
39,17,15,78,5,0
54,17,16,82,5,0
44,17,36,55,8,0
54,17,28,51,5,0
67,21,18,59,5,0
91,22,15,60,5,0
77,22,22,36,8,0
72,23,27,56,8,0
54,22,14,54,5,0
57,23,17,49,5,0
52,22,12,52,5,0
60,23,11,51,6,0
66,23,13,48,7,0
65,23,12,57,5,0
74,23,15,72,6,0
56,21,11,61,5,0
40,23,13,78,6,0
61,23,11,73,3,0
25,22,9,52,4,0
70,22,15,59,4,0
38,22,9,43,3,1
62,21,25,28,4,0
50,22,10,28,4,1
52,22,14,40,4,0
35,22,8,72,3,0
64,22,16,78,3,0
62,23,12,76,4,0
63,22,20,54,5,0
52,6,17,83,9,0
33,6,8,80,6,0
65,9,32,48,11,0
36,8,7,75,7,0
38,9,7,73,9,0
41,7,8,63,7,0
41,7,14,69,8,0
63,8,14,120,9,2
53,7,11,75,10,0
58,9,18,81,15,0
41,7,11,83,7,0
44,7,10,81,6,0
37,7,8,79,7,0
55,11,10,77,8,0
57,11,14,122,7,2
50,8,8,79,6,0
34,9,13,119,9,2
36,13,9,72,8,0
20,9,8,66,6,0
51,10,15,88,8,0
36,8,9,87,8,0
24,8,5,74,3,0
32,9,7,136,7,2
48,12,9,134,8,2
48,11,18,73,9,0
52,9,17,66,9,0
49,22,13,86,14,0
47,19,15,58,13,0
43,20,13,62,12,0
41,22,14,70,12,0
59,21,15,92,17,0
56,20,21,86,17,0
55,22,22,85,21,0
72,24,20,86,19,0
59,27,17,129,16,2
63,27,16,79,20,0
59,24,13,78,18,0
62,22,17,78,15,0
73,24,20,63,20,0
67,22,29,28,15,0
55,29,15,36,10,0
57,24,16,66,12,0
55,23,12,80,14,0
57,24,13,80,22,0
56,23,12,45,17,0
48,21,15,63,15,0
52,25,14,66,13,0
53,20,19,57,17,0
67,21,21,72,19,0
64,22,21,69,13,0
63,21,18,82,18,0
64,22,20,66,15,0
67,23,22,48,14,0
58,21,16,53,11,0
56,19,15,40,9,0
55,8,9,120,8,2
59,7,17,87,9,0
58,11,14,86,10,0
57,10,16,137,9,2
70,11,13,118,9,2
65,7,21,107,13,2
68,8,21,108,15,2
85,8,16,133,24,2
81,12,16,138,13,2
80,12,16,90,10,0
70,9,10,106,8,2
71,9,22,92,16,0
80,8,16,92,10,0
76,9,22,49,12,0
73,11,17,59,7,0
66,11,20,69,10,0
62,8,11,83,8,0
69,8,12,141,7,2
72,13,12,61,6,0
53,8,12,105,7,2
72,12,14,103,10,2
60,7,21,112,11,2
73,8,16,102,10,2
67,8,16,79,8,0
81,11,23,81,11,0
66,8,20,56,12,0
71,10,23,72,10,0
60,7,17,65,8,0
53,7,14,46,13,0
38,12,16,80,5,0
33,12,14,91,8,0
54,13,19,112,8,2
51,12,27,119,13,2
61,13,24,131,12,2
69,15,26,147,19,2
76,14,15,137,7,2
59,11,22,98,12,0
65,12,34,64,12,0
39,12,24,46,8,1
57,13,25,90,11,0
54,12,20,73,7,0
41,11,18,134,12,2
51,12,20,102,14,2
52,11,27,80,8,0
63,12,24,112,13,2
57,11,27,113,7,2
53,11,23,108,8,2
58,12,29,110,15,2
48,9,28,106,9,2
45,8,25,107,11,2
52,8,26,88,8,0
48,34,6,82,11,0
35,32,17,54,11,0
47,34,9,78,6,0
44,34,9,93,8,0
56,34,7,123,11,2
56,33,17,155,11,2
60,35,22,124,7,2
72,35,17,150,11,2
67,38,10,153,6,2
70,35,14,132,7,2
65,36,10,162,7,2
80,35,29,75,14,0
66,34,32,60,6,0
65,37,19,94,6,0
56,36,11,78,8,0
63,35,13,100,7,0
36,35,10,71,6,0
55,35,8,56,4,0
55,36,6,89,4,0
52,35,18,88,9,0
53,36,14,100,11,0
59,37,23,90,11,0
57,36,14,93,7,0
67,35,21,70,7,0
59,34,38,53,10,0
67,36,26,89,9,0
53,35,14,124,7,2
53,21,5,120,5,2
52,20,10,83,10,0
51,20,7,92,7,0
50,19,5,107,5,2
58,20,11,193,12,2
61,20,14,156,13,2
58,24,8,209,11,3
69,21,12,149,11,2
60,25,10,220,12,3
63,32,11,183,7,2
61,25,7,125,10,2
64,22,7,134,9,2
64,33,33,73,9,0
53,22,18,68,7,0
59,21,20,126,8,2
60,20,17,165,7,2
59,20,21,100,6,0
50,19,18,134,6,2
55,24,21,94,12,0
57,20,22,99,12,0
85,22,34,146,16,2
68,21,25,167,8,2
64,20,21,160,7,2
77,22,30,125,11,2
70,20,29,101,10,2
63,14,20,122,7,2
53,12,20,92,9,0
62,24,18,75,16,0
62,20,15,56,16,0
59,19,16,65,21,0
56,19,17,74,23,0
40,51,14,49,38,0
69,18,19,73,16,0
65,18,21,92,24,0
66,19,16,72,14,0
63,19,17,84,13,0
62,19,18,79,13,0
59,18,18,91,14,0
66,19,22,78,17,0
58,18,20,70,12,0
57,18,17,41,13,0
57,19,17,30,11,0
62,20,22,76,12,0
58,22,40,53,11,0
55,23,16,66,16,0
52,22,15,73,17,0
63,25,14,61,18,0
61,21,13,56,12,0
63,23,13,93,15,0
68,22,28,72,12,0
59,19,16,45,15,0
62,21,21,43,14,0
56,23,19,89,16,0
59,28,18,58,14,0
79,20,14,83,10,0
79,8,12,84,9,0
65,8,10,88,6,0
70,8,15,146,8,2
70,8,10,58,8,0
60,8,8,110,6,2
73,8,15,92,9,0
70,12,14,85,8,0
68,15,18,74,14,0
71,7,19,100,11,0
80,9,20,109,11,2
71,9,13,80,8,0
67,8,16,98,11,0
69,8,12,93,9,0
64,7,12,75,6,0
74,8,23,103,14,2
64,7,12,85,7,0
60,7,10,58,6,0
65,7,9,53,7,0
68,7,14,80,7,0
73,8,11,57,8,0
70,8,13,102,7,2
70,8,13,93,7,0
77,8,12,80,8,0
67,7,8,63,4,0
75,8,11,85,7,0
83,9,27,74,10,0
68,7,16,58,10,0
78,10,30,70,13,0
69,8,19,120,12,2
76,9,13,82,12,0
55,12,20,76,12,0
70,13,19,81,10,0
61,12,19,69,8,0
59,13,14,71,7,0
53,12,10,76,6,0
57,11,15,85,11,0
59,8,22,102,13,2
50,11,16,130,9,2
58,12,20,141,18,2
56,12,19,107,17,2
68,11,31,87,11,0
56,12,17,133,6,2
58,11,13,144,9,2
51,11,14,104,14,2
58,13,19,78,9,0
53,11,22,88,9,0
55,13,16,68,7,0
61,12,13,73,7,0
56,13,9,88,8,0
61,14,18,129,8,2
56,13,19,113,9,2
55,14,19,107,11,2
58,14,23,91,7,0
52,12,21,121,9,2
55,13,23,97,12,0
49,13,21,142,12,2
46,15,17,120,11,2
134,33,17,103,10,2
77,34,8,115,9,2
77,31,8,78,8,0
71,33,11,63,8,0
73,33,7,63,9,0
67,33,8,76,9,0
90,34,9,84,10,0
63,32,9,94,9,0
71,33,7,84,11,0
79,34,8,84,12,0
70,31,20,119,9,2
58,31,13,119,8,2
60,33,11,99,9,0
75,32,14,62,9,0
71,32,24,89,6,0
67,33,12,65,6,0
61,33,15,70,8,0
65,33,20,88,9,0
73,34,16,118,7,2
65,33,11,172,7,2
61,34,10,122,6,2
76,34,27,77,8,0
85,34,27,65,9,0
58,34,11,95,10,0
68,35,16,82,14,0
74,24,18,184,11,2
69,25,10,153,8,2
78,22,10,138,8,2
76,21,10,169,8,2
62,25,10,89,8,0
62,21,10,164,8,2
67,22,10,100,8,0
70,24,13,138,8,2
59,19,9,127,11,2
71,21,8,207,9,3
77,21,12,177,11,2
70,22,7,173,7,2
77,21,12,156,9,2
59,19,5,178,5,2
68,20,10,144,8,2
60,19,6,156,7,2
59,19,5,70,8,0
66,20,9,147,7,2
65,23,12,87,8,0
70,24,13,135,8,2
69,22,11,140,9,2
71,23,9,107,8,2
75,23,7,94,10,0
67,22,3,180,9,2
75,21,10,153,8,2
60,19,7,93,9,0
65,20,7,88,11,0
66,21,8,171,7,2
59,27,7,82,9,0
54.0,19.0,13.0,50.0,10.0,0
58.0,18.0,24.0,67.0,16.0,0
57.0,18.0,20.0,61.0,20.0,0
57.0,18.0,20.0,46.0,12.0,0
56.0,20.0,23.0,43.0,15.0,0
57.0,21.0,20.0,49.0,13.0,0
52.0,21.0,14.0,59.0,10.0,0
53.0,20.0,18.0,47.0,14.0,0
50.0,26.0,15.0,45.0,13.0,1
54.0,24.0,20.0,69.0,16.0,0
57.0,22.0,21.0,90.0,18.0,0
57.0,21.0,22.0,90.0,18.0,0
63.0,21.0,20.0,89.0,14.0,0
55.0,21.0,16.0,50.0,14.0,0
51.0,21.0,15.0,35.0,10.0,0
51.0,22.0,17.0,35.0,14.0,0
52.0,20.0,20.0,47.0,16.0,0
55.0,20.0,19.0,41.0,13.0,0
51.0,22.0,16.0,95.0,14.0,0
58.0,22.0,16.0,75.0,12.0,0
56.0,23.0,18.0,45.0,12.0,0
54.0,22.0,18.0,48.0,12.0,0
67.0,25.0,24.0,71.0,17.0,0
59.0,20.0,21.0,64.0,14.0,0
58.0,23.0,23.0,46.0,16.0,0
61.0,19.0,18.0,49.0,10.0,0
73.0,18.0,16.0,58.0,14.0,0
62.0,18.0,17.0,65.0,14.0,0
74.0,8.0,12.0,66.0,7.0,0
68.0,8.0,17.0,75.0,9.0,0
73.0,7.0,11.0,96.0,9.0,0
74.0,7.0,12.0,76.0,8.0,0
71.0,6.0,11.0,64.0,7.0,0
74.0,7.0,21.0,77.0,9.0,0
73.0,7.0,12.0,62.0,7.0,0
62.0,7.0,10.0,69.0,7.0,0
66.0,7.0,11.0,69.0,6.0,0
64.0,7.0,7.0,57.0,6.0,0
75.0,10.0,15.0,85.0,9.0,0
77.0,9.0,16.0,134.0,8.0,2
81.0,8.0,20.0,112.0,8.0,2
76.0,9.0,16.0,91.0,10.0,0
74.0,8.0,14.0,63.0,6.0,0
67.0,7.0,9.0,52.0,7.0,0
66.0,8.0,11.0,66.0,6.0,0
71.0,7.0,9.0,88.0,6.0,0
69.0,6.0,8.0,54.0,4.0,0
66.0,7.0,9.0,56.0,6.0,0
63.0,9.0,9.0,120.0,6.0,2
78.0,11.0,14.0,84.0,6.0,0
70.0,8.0,11.0,62.0,7.0,0
73.0,8.0,11.0,64.0,8.0,0
78.0,11.0,14.0,82.0,7.0,0
74.0,8.0,10.0,64.0,8.0,0
65.0,7.0,10.0,68.0,9.0,0
61.0,7.0,8.0,66.0,6.0,0
74.0,8.0,15.0,65.0,9.0,0
71.0,7.0,17.0,79.0,9.0,0
58.0,13.0,26.0,79.0,10.0,0
58.0,12.0,19.0,103.0,9.0,2
61.0,13.0,18.0,141.0,11.0,2
68.0,12.0,24.0,132.0,13.0,2
55.0,14.0,26.0,111.0,12.0,2
60.0,12.0,20.0,127.0,9.0,2
71.0,13.0,26.0,78.0,15.0,0
52.0,13.0,20.0,82.0,11.0,0
64.0,12.0,20.0,106.0,11.0,2
66.0,13.0,21.0,73.0,11.0,0
63.0,14.0,25.0,87.0,14.0,0
61.0,13.0,25.0,106.0,15.0,2
63.0,12.0,23.0,99.0,10.0,0
61.0,13.0,21.0,113.0,15.0,2
57.0,13.0,22.0,95.0,8.0,0
59.0,11.0,24.0,65.0,10.0,0
59.0,9.0,21.0,72.0,8.0,0
58.0,13.0,22.0,132.0,8.0,2
69.0,13.0,25.0,88.0,12.0,0
60.0,13.0,14.0,84.0,7.0,0
54.0,13.0,6.0,106.0,5.0,2
56.0,14.0,8.0,134.0,8.0,2
64.0,13.0,10.0,75.0,7.0,0
66.0,15.0,11.0,76.0,6.0,0
68.0,13.0,15.0,159.0,8.0,2
68.0,13.0,15.0,69.0,9.0,0
59.0,12.0,20.0,83.0,8.0,0
52.0,13.0,12.0,81.0,9.0,0
63.0,12.0,14.0,103.0,5.0,2
52.0,12.0,18.0,80.0,7.0,0
67.0,31.0,7.0,97.0,7.0,0
78.0,30.0,11.0,110.0,6.0,2
66.0,30.0,9.0,107.0,7.0,2
69.0,30.0,12.0,93.0,13.0,0
71.0,30.0,12.0,75.0,8.0,0
62.0,31.0,8.0,70.0,7.0,0
67.0,29.0,11.0,93.0,7.0,0
70.0,30.0,7.0,70.0,6.0,0
70.0,32.0,17.0,91.0,10.0,0
74.0,30.0,18.0,129.0,10.0,2
84.0,33.0,19.0,100.0,11.0,0
66.0,32.0,14.0,108.0,9.0,2
65.0,31.0,8.0,70.0,9.0,0
61.0,30.0,6.0,53.0,5.0,0
66.0,32.0,5.0,63.0,6.0,0
63.0,32.0,6.0,119.0,6.0,2
63.0,32.0,7.0,76.0,6.0,0
59.0,31.0,6.0,71.0,6.0,0
57.0,34.0,6.0,135.0,5.0,2
67.0,32.0,9.0,117.0,7.0,2
68.0,33.0,9.0,69.0,8.0,0
66.0,32.0,7.0,70.0,6.0,0
64.0,31.0,7.0,68.0,7.0,0
62.0,31.0,8.0,80.0,8.0,0
63.0,33.0,6.0,82.0,7.0,0
75.0,31.0,19.0,78.0,8.0,0
66.0,31.0,9.0,76.0,8.0,0
67.0,22.0,14.0,109.0,8.0,2
71.0,20.0,14.0,187.0,9.0,2
68.0,22.0,11.0,134.0,9.0,2
63.0,27.0,10.0,144.0,9.0,2
75.0,22.0,16.0,113.0,3.0,2
65.0,19.0,13.0,96.0,4.0,0
65.0,23.0,13.0,127.0,3.0,2
65.0,22.0,13.0,126.0,3.0,2
66.0,21.0,14.0,101.0,3.0,2
56.0,23.0,10.0,91.0,3.0,0
68.0,25.0,17.0,160.0,4.0,2
78.0,22.0,19.0,143.0,3.0,2
69.0,22.0,15.0,156.0,3.0,2
63.0,24.0,14.0,156.0,2.0,2
68.0,23.0,12.0,99.0,2.0,0
60.0,21.0,10.0,74.0,2.0,0
57.0,25.0,10.0,77.0,3.0,0
62.0,22.0,12.0,125.0,4.0,2
70.0,21.0,15.0,107.0,4.0,2
59.0,22.0,10.0,91.0,3.0,0
59.0,22.0,10.0,169.0,3.0,2
65.0,23.0,11.0,153.0,3.0,2
61.0,25.0,12.0,87.0,4.0,0
61.0,26.0,10.0,112.0,9.0,2
68.0,26.0,12.0,174.0,6.0,2
65.0,23.0,10.0,110.0,9.0,2
72.0,22.0,12.0,131.0,8.0,2
58.0,24.0,9.0,102.0,7.0,2
65.0,22.0,12.0,115.0,8.0,2
60.0,20.0,12.0,146.0,7.0,2
